<?xml version="1.0" encoding="UTF-8"?><rss version="2.0"
	xmlns:content="http://purl.org/rss/1.0/modules/content/"
	xmlns:wfw="http://wellformedweb.org/CommentAPI/"
	xmlns:dc="http://purl.org/dc/elements/1.1/"
	xmlns:atom="http://www.w3.org/2005/Atom"
	xmlns:sy="http://purl.org/rss/1.0/modules/syndication/"
	xmlns:slash="http://purl.org/rss/1.0/modules/slash/"
	>

<channel>
	<title>Van &#8211; Cars for Sale | Foreign Used Cars | Used Cars for Sale in Nigeria</title>
	<atom:link href="/listing-category/van/feed/" rel="self" type="application/rss+xml" />
	<link>/</link>
	<description>Click here to Sell your car in minutes in Nigeria, get cash and move on.</description>
	<lastBuildDate>Sat, 16 Apr 2022 20:58:11 +0000</lastBuildDate>
	<language>en-US</language>
	<sy:updatePeriod>
	hourly	</sy:updatePeriod>
	<sy:updateFrequency>
	1	</sy:updateFrequency>
	<generator>https://wordpress.org/?v=5.9.3</generator>

<image>
	<url>/wp-content/uploads/2022/04/cropped-89102-32x32.png</url>
	<title>Van &#8211; Cars for Sale | Foreign Used Cars | Used Cars for Sale in Nigeria</title>
	<link>/</link>
	<width>32</width>
	<height>32</height>
</image> 
</channel>
</rss>
